{
  "version": 2,
  "variant": "blended+trust",
  "test_from": "2026-05-01",
  "features": [
    "handicap",
    "auto_start",
    "post_x_auto",
    "post_x_sprint",
    "age",
    "is_mare",
    "log_money_per_start",
    "shoe_front",
    "shoe_back",
    "shoe_change",
    "sulky_change",
    "drv_winpct_py",
    "log_drv_starts",
    "trn_winpct_py",
    "days_since_c",
    "long_layoff",
    "last_place_c",
    "avg_place_5_c",
    "wins_5",
    "top3_5",
    "gallops_5",
    "disq_5",
    "n_recent",
    "foreign_share",
    "drv_stats_missing",
    "log_avg_purse_c",
    "avg_log_odds_c",
    "best_speedfig_c",
    "log_implied",
    "implied_x_thin"
  ],
  "mu": {
    "handicap": 4.52910736367861,
    "auto_start": 0.6294531391529682,
    "post_x_auto": 3.7093044320696906,
    "post_x_sprint": 0.9606257039563331,
    "age": 5.78189365238144,
    "is_mare": 0.3940816471199817,
    "log_money_per_start": 8.808760895837837,
    "shoe_front": 0.7208119028678098,
    "shoe_back": 0.7476469151944298,
    "shoe_change": 0.17566811855609202,
    "sulky_change": 0.0,
    "drv_winpct_py": 0.07592606627231985,
    "log_drv_starts": 4.136911608163448,
    "trn_winpct_py": 0.07510430525909532,
    "days_since_c": 31.032671450287882,
    "long_layoff": 0.15548081694378588,
    "last_place_c": 7.817715676467577,
    "avg_place_5_c": 6.952326830023917,
    "wins_5": 0.4974992320476367,
    "top3_5": 1.4504060301982498,
    "gallops_5": 0.9820102236119753,
    "disq_5": 0.35925205378029473,
    "n_recent": 4.809705342585518,
    "foreign_share": 0.2248059115266368,
    "drv_stats_missing": 0.21716117547908412,
    "log_avg_purse_c": 15.056427740555158,
    "avg_log_odds_c": 2.7577791389658963,
    "best_speedfig_c": -0.48565661896172874,
    "log_implied": -3.0109728077588875,
    "implied_x_thin": -0.670292688993385
  },
  "sd": {
    "handicap": 10.579042321985415,
    "auto_start": 0.482953125978432,
    "post_x_auto": 3.878824107198887,
    "post_x_sprint": 2.488765190426519,
    "age": 2.1634447539959107,
    "is_mare": 0.48865446205195523,
    "log_money_per_start": 1.661559221605309,
    "shoe_front": 0.44860192669518056,
    "shoe_back": 0.4343644684607651,
    "shoe_change": 0.38053905353499246,
    "sulky_change": 1.0,
    "drv_winpct_py": 0.06862374330975689,
    "log_drv_starts": 2.560277766108184,
    "trn_winpct_py": 0.08120168684221014,
    "days_since_c": 36.857664720326234,
    "long_layoff": 0.36236385959657597,
    "last_place_c": 5.56976319799701,
    "avg_place_5_c": 3.0939276082778973,
    "wins_5": 0.7980830056958896,
    "top3_5": 1.251753595321,
    "gallops_5": 1.0972085770502762,
    "disq_5": 0.6358411028872547,
    "n_recent": 0.70143925019523,
    "foreign_share": 0.3930313780470776,
    "drv_stats_missing": 0.4123148534377103,
    "log_avg_purse_c": 0.5674073250950193,
    "avg_log_odds_c": 0.9136585637759836,
    "best_speedfig_c": 3.9058128419387454,
    "log_implied": 1.1928448871919948,
    "implied_x_thin": 1.302034723702677
  },
  "beta": {
    "handicap": -0.07073876883288026,
    "auto_start": -4.498209889495496e-17,
    "post_x_auto": -0.023291607501399164,
    "post_x_sprint": 0.00536256810679218,
    "age": -0.12707373554454598,
    "is_mare": -0.06298802328595772,
    "log_money_per_start": 0.017835338102905638,
    "shoe_front": 0.08669028296719165,
    "shoe_back": -0.003547717278624015,
    "shoe_change": 0.05450861631153127,
    "sulky_change": 0.0,
    "drv_winpct_py": 0.018480380147463418,
    "log_drv_starts": -0.0026350466850599786,
    "trn_winpct_py": 0.05934379179596797,
    "days_since_c": -0.0378638549370048,
    "long_layoff": -0.005210295388703435,
    "last_place_c": -0.006786282570661266,
    "avg_place_5_c": 0.03407237691132021,
    "wins_5": 0.003384784812629238,
    "top3_5": 0.004012989395936451,
    "gallops_5": 0.003865880660045086,
    "disq_5": 0.013675303865632146,
    "n_recent": 0.00968633694325186,
    "foreign_share": 0.017576833956469362,
    "drv_stats_missing": 0.02818552374764043,
    "log_avg_purse_c": 0.12639123285959628,
    "avg_log_odds_c": -0.008991769937126139,
    "best_speedfig_c": -0.050385862465973194,
    "log_implied": 1.2894927979686621,
    "implied_x_thin": 0.04775643191465054
  },
  "holdout_logloss": {
    "market": 1.6986275092189276,
    "blended+trust": 1.6893398286767733
  }
}